216,b02yx0t0,0.037665326187076666,1,0
216,b03prhy8,0.06310714246440814,1,0
216,b03x2420,0.03515028382632105,0,0
216,b00rs3w6,0.05021105951163918,1,0
216,b03x217k,0.004702046629972756,1,0
216,b03xl185,-0.0041677031355599565,0,0
216,b03k2hj6,0.015206952055450529,1,0
216,b01ngqgh,0.04438454212019375,1,0
216,b03dykvl,0.04166854964569211,1,0
217,b007clgd,0.0626825513318181,0,0
217,b019hc4n,-0.0007020400371402502,0,0
217,b03x0qzh,0.08217898360453546,0,0
217,b00m6xtc,-0.000865892565343529,0,0
217,b03xgrxt,0.012694505043327808,0,0
217,b03c7nf4,-0.013252855278551579,0,0
217,b00lrh52,0.014324849471449852,1,0
217,b03q8jsz,0.016593147593994217,0,0
217,b03xg6t9,0.0701012367135263,0,0
214,b00ckqzz,0.03956354665569961,0,0
214,b03xh5nb,0.010323252878151834,0,0
214,b01pf63t,0.0430745828198269,0,0
214,b01bcs3l,0.03332217076649613,0,0
214,b0078zm8,0.007288889755727723,0,0
214,b0078h4b,0.018121124361641705,0,1
214,b01sd65g,0.047389703133376315,0,1
214,b00hycq1,0.09481755533488467,0,0
214,b007bts7,0.004690945264883339,0,0
215,b039jq9r,0.024248990540703137,1,1
215,b0116j51,0.049696799367666245,1,1
215,b008xx9w,0.02278862086435159,1,1
215,b00w8qr2,0.05268422069881732,1,1
215,b01rx3lk,-0.0027372134306157627,1,0
215,b0078yx9,0.026621653931215405,0,0
215,b01gvwz5,0.010223151019090437,1,1
215,b00ntflx,0.015624339925125241,1,0
215,b01n2t1q,0.045155166958769165,0,0
212,b03cv0lm,0.02751380018889904,0,0
212,b007v57x,0.017343299463391304,1,1
212,b00ysrd1,0.03616569936275482,0,0
212,b01jk75d,0.003632900072261691,1,0
212,b014j4nb,-0.011524500325322151,0,0
212,b008m7xk,-0.005772970151156187,1,1
212,b01224kv,0.004006459843367338,0,0
212,b03hctq6,0.014026099815964699,0,0
212,b01k88lm,-0.03322739899158478,1,0
213,b018l6wz,-0.023677200078964233,1,1
213,b019bnr5,-0.008076380006968975,1,1
213,b01r11jw,0.03917919844388962,1,0
213,b00ckqzz,0.008038870058953762,1,0
213,b0074fx7,0.004753829911351204,1,0
213,b03vl4sh,0.1013220027089119,1,0
213,b01nhccq,0.06274279952049255,1,0
213,b00sbtpf,0.017557499930262566,1,0
213,b01brcs1,0.048767801374197006,1,0
210,b03ltd8g,0.04788262117654085,1,0
210,b03ggl8f,0.0025538073969073594,0,0
210,b009wxbk,0.03652952634729445,0,0
210,b007cj5g,0.03144097444601357,1,0
210,b007vqzw,0.012906289426609874,0,0
210,b03wtcyc,0.04290704592131078,0,0
210,b0369dnj,0.08472200954565778,0,0
210,b00l0g57,0.08483538450673223,1,0
210,b00ylwd3,0.00740522425621748,1,0
211,b03xhbxs,0.042384748347103596,0,0
211,b00qyvtk,0.04896012390963733,0,0
211,b00txxzt,0.00006850314730399987,0,0
211,b007c3j9,0.018060549860820174,1,1
211,b03cvpmx,-0.0039442701381631196,1,0
211,b00lqq28,0.031629420816898346,1,1
211,b01c9w3t,0.0665885389316827,0,0
211,b03rmckl,0.04933248134329915,0,0
211,b00vy78w,0.022641983116045594,1,0
218,b00s8fxz,0.04066154702256123,0,1
218,b0074l7h,0.008724566549062729,0,1
218,b01ml5f7,-0.0005473734345287085,0,0
218,b03xgp6p,-0.0079988909419626,0,1
218,b03rlvcq,0.10052903493245442,0,0
218,b00xhxys,0.02392350013057391,0,1
218,b01pgqfw,0.045330303837545216,0,1
218,b012mkf2,0.018383859656751156,0,0
218,b03xplnl,0.01502417887483413,0,0
219,b00s8fxz,0.004325879892955224,1,1
219,b03plzw2,0.02654733603897815,1,0
219,b01r229f,0.01583670056425035,1,0
219,b01m9vjl,0.05108242326726516,1,1
219,b03xkw5n,0.04440903291106224,1,1
219,b00z19qp,0.013116039801388979,1,1
219,b01rlm9g,0.06660146452486515,0,0
219,b01lb2fn,0.002619439580788215,1,1
219,b01c9mcf,0.03367533981023977,1,0
427,b008wf5z,-0.0037327412210288458,1,0
427,b03sg2ft,0.04433850012719631,0,1
427,b0074qn6,0.04215265018865466,1,1
427,b01sh0xh,0.023195817950181663,0,0
427,b007bntb,0.016832867171615362,1,0
427,b00vv0zx,0.041440427681664005,0,1
427,b03t7rr4,0.007109825499355793,1,0
427,b00790w8,0.02880287228617817,1,0
427,b02xcm62,0.007342914992477745,1,0
289,b013q50m,0.07507565855381212,1,1
289,b01nbpf9,0.03993839182658121,1,0
289,b00pgl9b,0.013196451589465141,1,0
289,b00lnc8v,0.02410438610240817,1,0
289,b0078dzj,0.00769424724525639,1,1
289,b03dwvw8,-0.0000002860781803194966,1,1
289,b00sbq7m,0.05855682325948562,1,0
289,b03srmm6,0.0507167494589729,1,1
289,b03bgy4f,0.02543565256720675,1,0
288,b01hn92c,0.06747234892100096,0,0
288,b03flbnr,0.011841255007311702,1,0
288,b00tr86l,-0.016652749851346016,0,1
288,b03xklpw,-0.0024839993566274643,0,0
288,b03xgcsy,0.13937809690833092,0,0
288,b03vcslp,-0.0016356650739908218,0,0
288,b01nm61l,0.006887899711728096,0,0
288,b00y5014,0.016316515480866656,0,0
288,b00z02bs,0.08992809802293777,0,0
346,b01qgkzl,0.04669941837588946,0,1
346,b01gxppp,0.009639203703651825,0,0
346,b01qclj0,-0.005586813359210889,0,0
346,b0074s9h,0.00830426656951507,1,0
346,b03t7rcf,0.0197761005256325,0,0
346,b019lx01,0.038780334095160164,0,0
346,b0074g02,0.02032536609719197,0,0
346,b03cv0lm,0.015159939726193747,0,1
346,b0116ly6,0.1272098213278999,0,1
347,b039jq9r,0.039818405034020544,1,1
347,b007c8hj,0.05210393229499459,1,0
347,b009wxbk,0.019689078070223333,1,0
347,b00k9bms,0.06417088464368134,1,1
347,b00pdjk7,0.013035794161260128,1,0
347,b03tx3wg,0.0179177600890398,1,0
347,b01q04ry,0.032734180055558684,1,1
347,b01rw1lb,0.009668960049748421,1,0
347,b01mymhy,-0.0005761879961937666,1,0
340,b007cfnx,0.05866152653349369,1,0
340,b007jfbp,0.022170184645801783,1,0
340,b03xkyhw,0.036101647885516286,1,0
340,b03xks6w,0.018418951794349898,1,0
340,b01pwwm9,0.014143398419643441,0,0
340,b03xklqs,0.026002883600691955,1,0
340,b01glwzs,0.01120101660490036,1,0
340,b01qmd9l,0.08056696612398657,1,0
340,b007bp85,0.07606271277957906,0,0
341,b03gtn14,0.02115170005708933,1,0
341,b03rlt3f,-0.003654569387425255,1,0
341,b007c94s,0.09503485262393951,0,0
341,b01ny4mf,0.005807849578559399,1,0
341,b01qbn8m,0.0020841649966314435,0,0
341,b00ps6bp,0.092156196013093,0,0
341,b0148y1n,0.006572800222784281,1,0
341,b01qbq3z,-0.00900586019270122,1,0
341,b03hj893,0.03322924952954054,0,1
342,b01rswj5,0.04121289838803932,0,0
342,b03h8shs,0.04738941162941046,0,0
342,b03bspjs,0.002203845069743693,0,0
342,b018ts97,0.005158442421816289,0,0
342,b039w8xt,0.03167545338510536,0,0
342,b008s17v,0.023171560023911297,1,1
342,b008ptfg,0.028466114366892725,0,0
342,b01qy220,0.04682343217427842,0,0
342,b03lv9m2,0.005575410294113681,0,0
343,b03wtnfv,-0.010168500244617462,1,1
343,b0074g0n,0.04768292291555554,0,1
343,b00y469f,0.027221499592997134,1,1
343,b03x1b5k,0.02977871394250542,1,0
343,b0078zmg,0.01153392530977726,1,1
343,b007wzdh,0.08562432415783405,0,1
343,b03xsjb9,0.010501324897632003,1,1
343,b01pjrt5,0.028939499985426664,0,1
343,b03sh092,0.06152877630665898,1,1
281,b00txxx3,0.0075423200614750385,1,1
281,b037k5h2,0.017300154984695837,1,1
281,b008xx9v,0.032196749350987375,1,0
281,b00pgl9b,0.06325884512625635,1,0
281,b00sch0s,0.0020515499636530876,1,0
281,b01ms2vf,0.00513134989887476,1,0
281,b03xl3j0,-0.012493394780904055,1,0
281,b007cjtw,-0.008089229580946267,1,1
281,b03qvlkk,-0.013531764969229698,1,0
280,b01b1x74,0.06513189896941185,1,1
280,b01rlmnz,0.022511850111186504,0,0
280,b01pm6cq,0.0003728599986061454,0,0
280,b009lt7t,0.12956510111689568,1,0
280,b03qkrms,0.010748275090008974,0,0
280,b00xxdx3,0.020860199816524982,0,0
280,b00dwfyy,-0.0010564504191279411,0,0
280,b03xq94q,0.17278249561786652,1,0
280,b01qy220,-0.004289480042643845,0,0
283,b00s7vvn,0.05795670331766208,1,1
283,b03bw0fx,0.13318437213699022,1,0
283,b03ghh0k,0.040423435624688864,1,0
283,b01q0kj8,0.18238422235784432,0,0
283,b03xsgwh,0.011299883869166175,0,0
283,b01kcq0k,-0.0057029433858891325,0,0
283,b008pb7b,0.023229132328803342,0,0
283,b01shmjd,0.017223683496316273,1,1
283,b03t7p4w,0.03560593638879558,0,0
282,b01qgl8h,0.024439198946181153,1,1
282,b03bw0fx,0.04987287760845253,1,0
282,b017mr4x,0.03639573743566871,1,1
282,b01dd18b,0.02010018230482404,0,0
282,b0082j1f,0.055571336997672915,1,0
282,b03dx7v9,0.007420155768548804,1,0
282,b007chqg,0.02819498429952156,1,0
282,b03xl41f,0.04574641478913171,1,0
282,b0074gjw,0.014938760033276464,1,0
284,b00p9210,0.04027250874787569,0,1
284,b00qck1t,0.08518639951944351,0,1
284,b011w3xm,0.053418658673763275,0,1
284,b03bltkq,0.004012944991700351,1,0
284,b008fm19,0.01728735025972128,0,0
284,b01qnrbn,0.02903222490567714,0,1
284,b00793tb,0.01228294987231493,0,0
284,b01pqcbj,0.12755130045115948,0,0
284,b03ws1r5,-0.004912849515676498,0,0
287,b0078z55,0.05102418805472553,0,0
287,b01mg53s,0.05363106225559022,1,0
287,b00v8wx3,-0.0030511374643538147,1,0
287,b03dwvw8,0.008444346403848613,0,1
287,b03xk1l1,0.001168610353488475,0,1
287,b01phqyw,0.03166229513590224,0,1
287,b01fp1hk,0.08891912084072828,0,0
287,b01460s8,0.029431424394715577,1,1
287,b03xpkd9,0.019966753287008032,0,0
408,b037k5h2,0.0429277,1,1
408,b01nwfxs,0.0358215,1,0
408,b01p4r4w,0.0159237,1,0
408,b0074fxv,0.059958,1,0
408,b007bv59,0.0173699,1,0
408,b03xq408,0.0349754,0,0
408,b01ml5c5,0.0437377,1,0
408,b03c5fp3,0.0345818,1,0
408,b01ndm5n,0.026626,1,0
426,b00syxz4,0.10681500285863876,1,0
426,b01nv8vs,0.04536129906773567,0,0
426,b017vlv7,-0.00033836200600489974,0,0
426,b0369dph,0.0006120729958638549,1,0
426,b0074g1j,-0.00470153009518981,1,0
426,b03rlypd,0.025555599480867386,1,0
426,b007967c,0.030455399304628372,1,0
426,b03j4cz2,0.03498170152306557,1,1
426,b00j3hz3,0.12660500407218933,1,1
262,b0074gs5,0.11297199875116348,1,0
262,b037x0p0,-0.004888469818979502,0,0
262,b03xclb9,0.015999000519514084,0,0
262,b01c2025,0.10051599889993668,0,0
262,b01mymdf,-0.00023051199968904257,0,0
262,b018ydx6,-0.004831850063055754,0,0
262,b03xqgbp,0.0175487007945776,0,0
262,b039w8xt,0.09389670193195343,1,0
262,b00dwfyy,0.01019159983843565,0,0
261,b01nbz3q,0.0266077,1,1
261,b03t7wlq,0.0487675,0,0
261,b01jjt32,0.0257269,0,0
261,b03xl0f0,0.0153663,0,0
261,b01pwb55,0.0351566,0,0
261,b03sggtg,0.0373369,0,0
261,b03d05dn,0.0399163,0,0
261,b01pf28z,0.0504949,0,0
261,b03qkvd5,0.047498,0,0
260,b01bwd77,0.05525855099161466,1,0
260,b03sgffp,0.02340464503504336,1,0
260,b019x6s5,0.07739989797119051,1,0
260,b03w7y3c,0.04627097064318756,0,1
260,b01pw1b2,0.004813590314976561,1,1
260,b03t8vxg,0.016727598461632926,1,1
260,b00z8v18,0.02740525295181821,0,1
260,b01qm2tg,0.019616017694640202,1,0
260,b01j87p9,0.03267593029886484,1,0
267,b03w7vth,0.02379078889498487,0,0
267,b03v2yxt,0.0626717759296298,0,0
267,b00wyj5h,0.0015089050284586847,1,0
267,b036y1zm,0.03266868949867785,0,0
267,b03xlj66,-0.0063142250292003155,0,0
267,b00vt6f5,0.02445317746605724,1,1
267,b00vjkfz,0.05783531899214722,1,1
267,b015gncq,-0.00363508659938816,0,0
267,b0074gdq,0.15871413401328027,1,1
266,b00785y5,0.08071163110435009,1,1
266,b0074gn6,0.11611066510279973,0,0
266,b019hc4n,0.025011766275080543,1,0
266,b03nddp7,0.035504389476651944,0,0
266,b03xklpw,-0.004373803501948714,0,0
266,b01sd65g,0.019736789477368195,0,1
266,b00lrh52,0.20111923664808273,0,0
266,b01rsx5j,0.0021820650824035206,1,0
266,b03t8vx6,0.010974333311120668,1,1
265,b00p9210,0.0313281,1,1
265,b03xgq3g,0.0479275,1,0
265,b00844c1,0.025915,1,0
265,b03sr67n,0.0234154,0,1
265,b01c2025,0.0481258,1,0
265,b00kxyd2,0.025787,0,1
265,b03lv3x1,0.036588,1,0
265,b03tcmt4,0.0332056,1,0
265,b03xg9wp,0.0400134,1,1
264,b03wz859,0.023397489544004203,0,0
264,b03x0qrt,0.049163919501006605,0,1
264,b0078zng,0.00538047596346587,1,0
264,b0074gn5,0.049395590806670955,1,0
264,b008w0qh,0.004877035925164819,0,0
264,b03xqgbp,0.0272288803011179,1,0
264,b01glwzs,0.008610283792950212,0,0
264,b00s971z,0.041842160001397136,1,0
264,b0074qqv,0.060525214020162824,0,0
269,b03t4v71,0.0383104,0,1
269,b01qmd9l,0.0338376,1,1
269,b007bp6j,0.0261263,0,0
269,b00r96bv,0.0518688,1,0
269,b03tdd6m,0.0313488,0,1
269,b03xgjzf,0.0276833,0,0
269,b00v2z26,0.0503025,1,0
269,b0392cx3,0.0232915,1,0
269,b01skvnh,0.0573468,1,1
268,b01n8hl9,0.016260439530014992,0,1
268,b03gtn14,0.0022024502977728844,0,0
268,b03tx1lj,0.03934265021234751,0,0
268,b00k2qwc,0.17410935182124376,1,1
268,b01p7kry,0.004766314756125212,0,0
268,b011g614,0.004801004950422794,0,1
268,b03xl41f,0.09394889697432518,0,0
268,b01g9h8d,0.02096020057797432,1,0
268,b03pqyqq,0.014705749694257975,0,0
423,b03pr3y1,-0.0033110097671548524,0,0
423,b01qmd0m,0.004818893348177274,0,0
423,b0110gnv,0.01047129991153876,0,0
423,b03w495r,-0.0018317666836082935,0,0
423,b008s99l,0.06746059842407703,0,0
423,b01rcmb4,0.013853709523876509,0,0
423,b00783dj,0.05614376564820608,0,1
423,b01rbs8v,0.011880493179584542,0,0
423,b00sbtpf,0.049943783630927406,1,0
422,b01m38bp,0.01385431014932692,1,0
422,b011d4wg,0.03190197888761759,0,0
422,b00k2qwc,0.02890984946861863,0,0
422,b00yltjh,0.021053374221082777,1,0
422,b00ps6bp,0.049307440291158855,1,0
422,b03lv3x1,-0.0011126179888378829,1,0
422,b01ms43x,0.005814544972963631,1,0
422,b007cj85,0.09860169887542725,1,0
422,b0078zmp,-0.0015993914566934109,0,0
424,b00dh7dc,0.07092379778623581,0,1
424,b03ghh0k,0.00293768011033535,1,0
424,b03gprst,0.042308300733566284,0,0
424,b037k3nl,0.026883099228143692,0,1
424,b00sjsn5,0.06565559655427933,1,0
424,b00s1t8h,0.0021862599533051252,1,0
424,b0074g3m,0.004179249983280897,1,0
424,b016fr22,0.10038600116968155,0,1
424,b01phqyw,0.025958599522709846,1,1
379,b03x4l08,-0.0017064251005649567,0,0
379,b03qgbjv,0.026541344122961164,0,1
379,b00xhxrv,0.004776234971359372,0,1
379,b007y3lq,0.0886833518743515,1,0
379,b03jlf0x,0.11851409822702408,1,0
379,b01ryv5j,0.0011039851233363152,1,0
379,b00vv0zz,-0.000513850012794137,1,1
379,b01ndmk7,0.023611339507624507,1,0
379,b03pqyqq,0.04066704958677292,0,0
378,b007cds7,0.017892900854349136,1,0
378,b00793yg,-0.00029430800350382924,1,0
378,b01m9vjl,0.034125201404094696,1,1
378,b008xx83,0.21697700023651123,1,0
378,b011884d,0.11462099850177765,1,0
378,b0369dr1,-0.0030229000840336084,1,0
378,b00pdf8v,-0.005070350132882595,1,1
378,b030qgzv,0.021227799355983734,1,0
378,b00lsy3y,0.0005052179913036525,0,0
416,b03xglvl,0.004259230258564155,0,0
416,b00c6rr0,0.1057603657245636,0,1
416,b03ghh0k,0.11987278909267236,0,1
416,b03xgh47,0.03802503210802873,0,0
416,b014j4nb,-0.020018622007531423,1,0
416,b03wg272,0.018466016898552578,0,0
416,b03xclps,0.036189029924571514,1,0
416,b00s3hcx,0.04468507831916213,1,0
416,b0074ghy,0.06676063333482792,0,1
417,b01ml5f7,0.0447039,0,0
417,b03gtn14,0.0455503,0,0
417,b00vcvrb,0.0332235,0,0
417,b03lskbb,0.0403198,0,0
417,b03pqxcz,0.0358457,0,0
417,b00kys2s,0.0263144,1,1
417,b007c8kt,0.025284,0,0
417,b03wz867,0.0252713,0,0
417,b01s94c0,0.0390058,0,0
410,b007bknj,0.018482954139471985,1,0
410,b03nh7bp,0.002007774979574606,1,0
410,b01sbxqy,0.03278175042942166,0,0
410,b017jlbk,0.015531562676187605,1,1
410,b03xqhwg,0.03280643711332232,1,0
410,b01bp808,0.03956772644875173,1,0
410,b01p2pm8,0.00429043234908022,1,0
410,b01bd9tt,0.015246130467858166,1,0
410,b037z8c5,-0.0018289899453520775,1,0
411,b007cds7,0.0318285,0,0
411,b03sqs76,0.0198778,1,0
411,b03sgffp,0.0468875,0,0
411,b00yltdc,0.0429997,0,0
411,b03xpvml,0.0331294,0,0
411,b03wyy71,0.0402647,1,0
411,b00s971z,0.0256844,0,0
411,b00zp036,0.00500641,0,0
411,b03d0bsz,0.0339598,0,1
298,b03wcchn,0.015907899476587772,1,1
298,b01sjsx3,0.08396775275468826,0,0
298,b00snw55,0.022763649933040142,0,0
298,b03x45dn,0.08053874969482422,0,0
298,b00sfvff,0.05364089831709862,1,0
298,b03xpdwd,-0.004237980232574046,0,0
298,b00lsy3y,0.0008676999714225531,1,0
298,b01qwcth,-0.010891940037254244,1,0
298,b03hct8m,0.015323649626225233,1,0
299,b030qgzv,0.07335334324410983,0,0
299,b03xlw4m,0.019017468406153575,1,0
299,b019h6m1,0.0018381656679723943,0,0
299,b00sql7z,0.01730743027292192,1,0
299,b03xkclv,0.0244705784467182,0,0
299,b0078zsn,0.024907068881605352,0,1
299,b03lyv9x,0.04476849076205066,0,1
299,b0074g3m,0.02861490606197289,1,0
299,b03q8jsz,0.038416846888139844,0,0
296,b01mls3g,0.016365065035643056,0,0
296,b03xpvml,0.04882445011753589,0,0
296,b0074rqs,0.018343086820095778,1,1
296,b03xgcsy,0.05181672819890082,0,0
296,b009gns2,0.000050734844990074635,0,0
296,b01qfs79,0.009092427717405371,0,0
296,b019767t,0.0022554241731995717,1,1
296,b00gslht,0.028458714892622083,1,0
296,b020vn4b,0.0683498380240053,1,0
297,b03qk84w,0.07144500315189362,0,0
297,b01n1qw0,-0.007123500108718872,0,0
297,b01bzyvn,-0.0008036089711822569,0,0
297,b03xks6w,-0.0004223260038997978,0,0
297,b01q0k5b,0.028011899441480637,0,1
297,b01rcmb2,0.027785200625658035,0,0
297,b0109cc7,0.008140020072460175,0,0
297,b0141mz1,-0.002530369907617569,0,0
297,b0074rnw,-0.0018735199701040983,0,0
294,b03d0gb6,0.019376379263121635,1,1
294,b0078xq5,0.004821830167202279,1,1
294,b011pkgv,0.02564651277498342,1,0
294,b03bgy7h,0.047920737764798105,1,0
294,b01pqdjj,-0.0034409749787300825,0,0
294,b01px8j0,0.02151612564921379,1,0
294,b015r5s0,0.02647130098193884,1,0
294,b0079049,0.0687620050739497,1,1
294,b00thwr9,0.0681703130248934,1,0
295,b0074t5y,0.06806419448306163,0,0
295,b01s5jsz,0.0603835170622915,0,0
295,b008xx9v,0.05530373193323612,1,1
295,b03qgh0r,0.018596365737418335,0,0
295,b007chj4,-0.00643603674446543,1,0
295,b0168182,0.0261700339615345,0,1
295,b03btxtg,0.01037253656735023,0,0
295,b01glxtz,-0.0063013071194291115,0,0
295,b03xsfrs,0.027231833276649315,0,0
292,b01ml6m6,0.0010688181035220623,0,0
292,b0074sh2,0.02887988556176424,0,0
292,b012ghdj,0.04895789586007595,0,0
292,b00sjngg,0.0390417112968862,0,0
292,b011d4wn,0.0020312401466071606,0,0
292,b007vyqw,0.02779253963381052,0,0
292,b038nzyd,0.038448230177164075,0,0
292,b0196r2r,0.01071782661601901,0,0
292,b03t8rz8,0.019988552742870525,0,0
293,b00q9y32,0.043456084527341385,1,1
293,b01bzqjn,0.02844385925813445,1,0
293,b007ccts,0.0810305311544133,0,0
293,b01qbz9k,0.12339340802282095,0,1
293,b01p8h35,0.02298188121390662,0,0
293,b02x66dw,0.014893617081855024,0,0
293,b0078qn0,-0.0022168928324910147,0,0
293,b03pn05p,0.10077738855034113,0,1
293,b0074ghy,0.02783399493741204,1,0
290,b03x42mv,0.014695049729198217,1,0
290,b03lz0fw,0.0745991999283433,1,0
290,b01rswj5,-0.027622699737548828,0,0
290,b01m7w0v,0.007093139924108982,0,0
290,b01p4708,-0.004942465049680322,0,0
290,b01d224l,-0.007366560952505097,0,0
290,b02wbk0v,0.004170049913227558,0,0
290,b016z0nb,0.2540176585316658,1,0
290,b01jv96k,0.04421414993703365,0,0
291,b00ybvjy,-0.0008775829919613898,1,1
291,b007cczw,0.04995179921388626,1,0
291,b03vl6zz,-0.01781810075044632,1,1
291,b02x66f2,-0.05541900172829628,0,0
291,b01jvb6n,0.06454270333051682,1,0
291,b03qkvd5,0.004553670063614845,1,0
291,b00780bt,0.002897080034017563,0,1
291,b03dytzy,0.0964089035987854,0,0
291,b00hq341,0.02146809920668602,1,1
319,b00c6rr2,0.0017691667114074032,1,1
319,b008xx83,0.013676073673802117,1,1
319,b014j4nb,0.15153276454657316,1,0
319,b01d7kd5,0.0024804563339178762,1,0
319,b03x1bs0,0.029327959132691223,1,1
319,b03x10m5,0.039511467019716896,1,0
319,b01rh3s5,0.018755994640135516,1,0
319,b007bts7,0.012783423687020937,1,0
319,b01pfntj,0.0005951531541844209,1,0
318,b00s1rkt,0.012691240757703781,0,0
318,b03xjxgj,0.00023415504256263375,0,0
318,b03w65wk,0.044761646538972855,0,0
318,b019h5z4,0.05008555017411709,0,0
318,b03lyzpr,0.000565336478757672,0,0
318,b0074grz,0.022093129460699856,1,1
318,b0110g4b,0.0037850600201636553,0,0
318,b00kx6g9,0.011226125643588603,0,1
318,b00yltd7,0.06454425351694226,0,0
313,b03wcchn,0.14351500570774078,1,1
313,b03gtn14,0.01565139926970005,1,0
313,b01nv8q6,0.013582799583673477,0,0
313,b03x13ys,0.0009495869744569063,1,0
313,b03gprst,0.07218129932880402,1,0
313,b01r9ssx,0.09172199666500092,0,0
313,b01rlm9g,0.022067800164222717,0,0
313,b01qgk3f,0.01093399990350008,1,1
313,b01rh7wt,-0.0007584469858556986,1,1
312,b00drn3v,-0.0002144800964742899,1,0
312,b03mj7s9,-0.016879600007086992,1,0
312,b0078xmc,0.046829549595713615,0,1
312,b00w8qr4,0.0658828504383564,1,0
312,b03vl4sh,0.007762039662338793,1,0
312,b00rkdkq,-0.013524200301617384,1,0
312,b01qbq3z,0.026365765370428562,1,0
312,b03tvjg8,0.039203436754178256,1,1
312,b00vjkfx,0.00689711538143456,1,0
311,b00x941j,0.022776199504733086,1,1
311,b03wrzq0,0.20693500339984894,1,0
311,b03lzb8t,0.03395089879631996,1,0
311,b01c9y7m,0.0933498963713646,1,0
311,b01px403,0.0026094799395650625,0,0
311,b03x4f6k,0.001269230036996305,0,0
311,b03xq94q,0.03728260099887848,1,0
311,b03hctq6,0.006309149786829948,1,0
311,b007bjdk,0.09062670171260834,1,0
310,b007vqzx,0.045308349654078484,1,0
310,b01nqvwl,0.005274449475109577,0,0
310,b02x66d7,0.04541979916393757,0,0
310,b0074rxj,0.008113000076264143,1,1
310,b03c7nf4,-0.011658655013889074,0,1
310,b019j2d2,0.02182188227016013,1,0
310,b03cv0lm,-0.008985725231468678,1,1
310,b03xjvvm,0.09121558780316263,0,0
310,b03dwvw8,0.016065250150859356,0,1
317,b03wpfc7,0.0076589498785324395,0,0
317,b007cf84,0.05597754940390587,0,0
317,b01bgly8,0.0025951465067919344,1,1
317,b03xsgwk,0.00991499493829906,0,0
317,b03vzwcf,0.1139940032735467,0,0
317,b00vv0zz,0.024121200665831566,1,0
317,b01rsmp1,0.0736301513388753,0,0
317,b01kxstn,0.03567158058285713,0,0
317,b03wyy7x,0.03339069988578558,0,0
315,b03t7wlq,0.08003099914640188,1,1
315,b03xg92x,0.021760520059615374,0,0
315,b00wyj5h,0.02992607222404331,0,0
315,b03lyzpr,0.020111349178478122,0,0
315,b00p4dr6,0.004900529980659485,1,1
315,b03xgh47,0.07331207522656769,0,0
315,b03xhcjg,0.003494977514492348,1,1
315,b03w64m9,0.02270707959542051,0,0
315,b02x9zwc,0.0788960144855082,0,1
314,b007c8hj,0.10582439973950386,1,0
314,b0078wb3,0.007618749979883432,1,0
314,b00qbytc,0.017061860009562224,1,1
314,b01hzk5h,-0.006318329949863255,1,0
314,b02wbk0v,0.01739049982279539,1,0
314,b037c5yn,0.0007494905003113672,1,0
314,b00ksh60,-0.0014373849844560027,1,0
314,b007bp21,0.03248039819300175,1,0
314,b01dq1h0,0.02835547528229654,1,0
270,b011d4wn,0.03419075408019125,0,0
270,b03xp9k1,-0.0026920677395537496,0,0
270,b03pn6hg,0.038049464533105495,1,0
270,b01jjv4m,0.010351104743313045,0,0
270,b03xkq7s,0.007505226135253906,0,0
270,b03xpdwd,0.028374030161648987,0,0
270,b007cblj,0.0389381393790245,1,1
270,b03qvlkk,0.0227947913488606,0,0
270,b01pfntj,0.02347172261797823,1,1
271,b007bv7p,-0.007287219865247607,1,0
271,b0080y1v,-0.0018105668326218922,1,0
271,b03xl0cy,0.06186127724746863,1,0
271,b00k2qwc,-0.007242759844909112,1,0
271,b03xnz56,0.015798760422815878,1,0
271,b03xp84x,0.030529999484618504,1,0
271,b015v5qp,0.019291395738643285,1,1
271,b00vjkfz,0.06708904403300646,1,0
271,b01sfds2,0.04800556724270185,1,0
272,b00ybvjy,0.05017060041427612,0,0
272,b00sxfc7,-0.0031632492318749428,1,0
272,b01s281l,0.00013044988736510277,0,0
272,b00lfdkz,0.03307735139969736,0,0
272,b01d7bnb,0.10501845180988312,0,0
272,b03wsn6r,0.030130553524941206,0,0
272,b0078968,0.07234235107898712,0,0
272,b0074gdr,0.0226240751799196,0,0
272,b00yb5jp,0.01626615598797798,0,0
273,b038hhsv,0.008445125306025147,1,1
273,b007chvb,0.029997290577739477,0,0
273,b0074s72,-0.015014871605671942,0,0
273,b03kfssj,0.08166584931313992,0,0
273,b00ckf2m,0.032912399619817734,1,1
273,b00lqq28,0.03937964886426926,0,1
273,b03xl41f,0.04484860133379698,0,0
273,b01ny476,0.009627650026232004,0,0
273,b01rp9y7,0.013831005431711674,0,1
274,b0074m8k,0.027831749990582466,1,1
274,b037x0p0,-0.006220840150490403,1,0
274,b0078ks6,0.07126656849868596,0,0
274,b01p9d4t,-0.0028237798251211643,1,0
274,b01llnb2,0.0424775006249547,1,1
274,b03wy5qt,0.014038529945537448,1,0
274,b03m3g3j,0.014558614231646061,1,0
274,b010vj6b,0.000012724893167614937,0,0
274,b01fllvr,0.01600348553620279,1,1
275,b03xjw5l,0.011648858043675622,0,0
275,b03plzw2,0.12752767155567804,0,1
275,b01dpk36,0.010011763234312335,0,0
275,b03xk4l6,0.04038203787058592,0,0
275,b00t9r0n,0.03222838408934573,0,1
275,b03xk7t1,0.0566069670021534,0,0
275,b01nm62x,0.02152193655880789,0,0
275,b0122k8y,0.09384073317050934,0,1
275,b01f9w5x,0.037867164704948664,0,0
276,b01py7hy,0.03800607705488801,0,0
276,b01q05km,0.01599229344477256,0,0
276,b01k88lm,0.044897099025547504,0,0
276,b01bgly8,0.0017942671353618305,1,1
276,b0074t1d,0.027971346862614155,0,0
276,b01ppy1h,0.07047316711395979,0,0
276,b01sfds2,0.01086722001976644,0,0
276,b01s70ls,0.07585286659499009,0,0
276,b01r6p6l,0.05062326602637768,0,0
277,b016n82k,-0.0013529900461435318,1,0
277,b03ggl8f,0.010480290278792381,1,0
277,b01nbpf9,0.08006973021353285,1,0
277,b00zp19y,0.035765341483056545,1,0
277,b00sql7z,-0.008625866690029701,1,0
277,b0074t5y,0.05431786536549529,1,0
277,b0074pym,0.018016866718729336,1,1
277,b01pcswd,0.047129632284243904,0,1
277,b03pqyqq,0.028774436252812546,1,0
278,b036y5cx,0.06235483265481889,0,1
278,b0078zmg,0.014370910357683897,1,1
278,b03xlmc2,0.031979928724467754,0,0
278,b03xlk46,0.0012429800117388368,0,0
278,b01nqjc9,0.033165697124786675,0,0
278,b03xkypt,0.06944714422600384,0,0
278,b03c5fp3,0.020626484765671194,0,1
278,b03x4shv,0.11046715080738068,1,0
278,b03pqyqq,0.03540864959359169,0,0
413,b0179vzm,0.006928711576620117,0,1
413,b010y067,0.012737239710986614,0,0
413,b00sf2q1,0.23772282153367996,1,1
413,b00790ht,0.07419194653630257,1,1
413,b007chz9,0.03453407048558196,0,0
413,b03sgs9y,0.010782273020595312,0,0
413,b014cq0j,0.014412833067278067,0,0
413,b01qryfl,0.001597583293914795,0,0
413,b03wyy7x,0.08450323591629665,0,0
399,b03xkxkf,-0.007006729952991009,1,1
399,b01cnyff,0.023885399103164673,1,0
399,b03wcc1r,0.04361740127205849,1,1
399,b01rrfy4,0.058969300240278244,0,0
399,b01n8kmq,-0.0024093100801110268,0,1
399,b01d8rlh,0.04059780016541481,0,0
399,b007chqg,0.011332600377500057,0,0
399,b00jd9yx,-0.03642730042338371,1,1
399,b01460s8,0.01930920034646988,0,0
398,b03x24x4,0.022613150300458074,0,0
398,b03plzw2,0.02864452622209986,0,0
398,b0074ggh,-0.004859126638621092,0,1
398,b007xh8v,0.11884546528259914,1,1
398,b01gw22b,0.004856983160910507,1,1
398,b015yh6f,0.15377799794077873,0,0
398,b0074s8t,0.10839277366176248,0,0
398,b01rh7mk,0.042871691597004734,0,0
398,b0369dp7,0.005297136803468068,0,0
415,b03t7ql3,0.0451022,1,1
415,b01n707f,0.0149286,0,1
415,b03wwxj8,0.0268415,1,0
415,b01qglz4,0.0435907,1,1
415,b00p4j8q,0.0308099,1,1
415,b011d4wg,0.0238273,1,0
415,b01px8gx,0.0328977,1,0
415,b007chz9,0.0490203,1,0
415,b03qk92k,0.0349806,1,1
429,b0078zt6,0.04288193322718144,0,0
429,b03x24jk,0.005287135997787118,0,0
429,b00sh6x3,0.002799305971711874,1,0
429,b01q05pz,0.014715677301865071,0,1
429,b0369dql,0.01137752216309309,1,0
429,b01qy222,0.012641580624040217,0,0
429,b03fqdt6,0.03273499747738242,0,1
429,b00twy35,0.020997152396012096,0,1
429,b03j19vj,0.05023659407161176,0,0
428,b008xxbq,0.03532890300266445,1,0
428,b0074gfl,0.08676894940435886,1,0
428,b01p2pm8,0.009727068478241563,1,0
428,b00sbtpf,0.008452530887249546,1,1
428,b03sgpsj,0.08870618293682735,0,0
428,b03xq3bs,0.031306532522042595,0,0
428,b01rsx5j,0.02567219951500495,0,0
428,b01r6pvm,0.06995414818326633,0,0
428,b03x24xj,0.012807746417820454,0,0
368,b037x0p0,0.07979765051641152,0,0
368,b0074ryp,0.021138833835721016,0,0
368,b03t7spn,0.026329173842289794,0,0
368,b03jd0pq,0.00641626981087029,0,0
368,b03cvpmx,0.003887283227716883,0,0
368,b007cgdc,0.1319853663444519,0,0
368,b00nn7rf,0.07256420080860455,0,0
368,b01pw98y,0.03220115402170146,0,0
368,b019j2fr,0.016653806436806917,0,0
369,b01ndmc5,-0.00846294965595007,1,0
369,b03tt7jm,0.003959959838539362,1,1
369,b03xlmc6,0.07561709731817245,1,1
369,b01p4708,0.018050499260425568,1,0
369,b03xqbrw,-0.014733299612998962,1,0
369,b007c8tk,-0.0006473400280810893,1,0
369,b01qmd8k,0.02827420085668564,1,1
369,b030qgzv,0.06690560281276703,1,0
369,b03bgy4f,0.0668443962931633,1,0
366,b036y5cx,0.06209656472007433,0,0
366,b00s1wcm,0.009195766722162565,1,0
366,b01j87gs,0.03696866581837336,0,0
366,b03pn6hg,0.04659418063238263,1,0
366,b00jtcfk,0.025326484426235158,0,0
366,b00zgnn6,0.0037905231195812425,0,0
366,b01pqdjj,-0.0020066341385245323,0,0
366,b01mnr4v,0.01805267653738459,0,0
366,b00lvghk,0.061209486642231546,1,0
367,b00c6rr0,0.0703961,0,0
367,b03tcd7n,0.0439946,0,0
367,b0074q9l,0.0267821,1,0
367,b01p7kry,0.0553289,0,0
367,b007bp3x,0.0365081,0,0
367,b014vy02,0.0168687,0,0
367,b019bnr5,0.0362106,1,1
367,b01rhxvl,0.0231712,0,0
367,b03xkxpt,0.0308982,1,0
364,b01mnsq0,0.01398003997746855,0,0
364,b0074m8k,0.04967974789906293,0,0
364,b00vnh4z,0.02152657532133162,1,0
364,b03w495r,0.025327284267405048,0,0
364,b01qbz9k,0.027202517143450677,0,0
364,b0074gbj,0.0938272865023464,1,0
364,b00kxyd2,0.040259805449750274,1,1
364,b01k031g,0.01561247203790117,0,0
364,b01r6pts,0.013898027711547911,0,0
365,b03q5wrb,0.1441579336921374,0,0
365,b03tz2tw,0.08110056569178899,0,0
365,b03k2gsw,-0.0009478768333792686,0,0
365,b00790bh,0.03402743874661004,0,0
365,b03x3yff,0.034054865750173725,0,0
365,b03wtmlq,0.018174866835276287,1,0
365,b01pwb55,0.013761483288059631,0,0
365,b03xl185,0.03299768905465802,1,0
365,b0074gbk,0.056246800969044365,0,0
362,b018zv8d,0.02134231962263584,0,0
362,b022sphb,0.006462216190993786,1,1
362,b021mnhb,0.02776644127443433,1,0
362,b00sl8yq,0.002395193837583065,1,0
362,b03sgs9y,0.032282604835927486,1,1
362,b00wgwh2,0.14593980744248256,0,0
362,b03x24xj,0.03072426626458764,0,0
362,b00xxf10,0.06831402257084847,1,0
362,b03pqyqq,0.04457218013703823,1,0
363,b00sr4bm,0.07823820086196065,0,0
363,b01ny2c3,-0.005682853244555493,1,0
363,b00sj9sq,0.09828243034038071,0,0
363,b00ylwd3,0.02052360672193269,1,0
363,b007chqg,0.03070957543483625,1,0
363,b03xk7t1,0.04068619576719357,1,0
363,b03gkj6c,0.003481248471265038,1,0
363,b007ch35,0.046219360160951815,0,1
363,b01s945t,0.08677868420879047,0,1
360,b00sch0s,0.005664403298093627,0,0
360,b011wz4q,0.028940783968816202,0,1
360,b007965s,0.04793517466168851,0,0
360,b00wst5r,-0.004194055693612124,0,0
360,b03wwxct,0.04371426655658676,0,0
360,b00mqg2c,0.049161383882164955,0,1
360,b00w01zv,0.009915296492787698,0,0
360,b03tdd6k,0.0789081645780243,0,1
360,b03qvlkk,0.042451306639729104,0,1
361,b010y5l3,0.017499226921548445,0,0
361,b00mwss0,0.028586250264197588,0,0
361,b02xgw7z,0.03831377307748577,0,0
361,b007chj4,0.050173865631222725,0,0
361,b03c9myr,0.04678539861924946,0,0
361,b01pw1b2,-0.0034383833408355713,0,0
361,b03xk4l6,0.0017778218219367166,0,0
361,b01pqfqq,0.041316899160544075,0,0
361,b00hq341,0.05088849986592928,0,0
308,b007bp00,0.05470598628744483,1,0
308,b007chsl,0.01891000398124258,0,0
308,b019xxhh,0.04018419926675657,0,0
308,b0074t1d,0.04133966751396656,0,0
308,b008xx83,0.1408183996876081,0,0
308,b01s9wbr,-0.013059256443132957,0,1
308,b03h8rvt,0.0003711036406457424,0,0
308,b00rl5t5,0.07633571629412472,0,1
308,b03903wy,0.03849131070698301,1,1
309,b00td4sg,0.03995287686120719,1,1
309,b01qmd9q,0.08727197349071503,1,1
309,b03xgd5g,0.04587224032729864,0,0
309,b00t20p8,-0.003978014923632145,1,0
309,b0078jtj,0.06995295244269073,1,1
309,b00rkdkq,0.01685788214672357,1,0
309,b013pnv4,0.019519029825460166,1,1
309,b007bp75,0.02449151244945824,1,0
309,b03vkwmb,0.03084734704316361,1,0
406,b01nzm90,0.01870382996276021,1,0
406,b00rfq20,0.0677847983315587,1,0
406,b03xpb5q,0.024069249629974365,0,0
406,b0369dry,0.0014686600770801306,1,0
406,b01nhccq,0.033993208897300065,1,0
406,b01ms5yn,0.03975944872945547,1,0
406,b01r9ssx,0.01014710497111082,0,0
406,b007bts7,0.04863634891808033,1,0
406,b00s3hcx,0.004586800001561642,1,0
412,b00ckqzz,0.03409779816865921,1,0
412,b01mg53s,-0.0043268101289868355,1,0
412,b014v51p,-0.02067589946091175,1,1
412,b00zl9d4,0.03675910085439682,1,0
412,b0074t1d,-0.014564099721610546,1,0
412,b03c9pb0,0.0023593399673700333,1,0
412,b03fl9l8,-0.0008835250046104193,1,0
412,b03t7rr4,0.17261099815368652,1,0
412,b03tcgl6,-0.002677900018170476,0,0
420,b03v3dys,0.0412656,0,0
420,b03x24x6,0.0247535,0,0
420,b00pdjk7,0.0271322,1,0
420,b01r229f,0.0490769,0,0
420,b03tx335,0.0211328,0,0
420,b01pkj2m,0.0340461,0,0
420,b01s5jpn,0.0371228,0,0
420,b01sjsn6,0.0408536,0,0
420,b012g01s,0.0359083,0,0
300,b03xq8rs,-0.012446589024148125,1,0
300,b03tcc5b,0.0033874024942633697,0,0
300,b00s5wnn,0.04002562016248703,1,0
300,b009lt7t,0.024497460387647153,1,0
300,b01kcq0k,0.033300991915166375,0,0
300,b03rmbqc,0.03653642274439335,0,1
300,b03xqcz6,0.021651594658032992,1,0
300,b009s6mj,-0.0072496151289669795,1,0
300,b01j85tq,0.02035801447927952,0,0
301,b01qfg0y,0.011030359892174602,0,0
301,b01qsmwv,0.029765450861305,0,0
301,b03xk3r9,-0.014751964947208762,0,1
301,b008d2x7,-0.003293849527835846,0,0
301,b01240bp,0.0074388799257576466,0,0
301,b01h8t3z,0.018487900029867887,0,0
301,b03xpgkb,0.03662090003490448,0,0
301,b00t66hz,0.12260585534386337,1,0
301,b01gxl5w,-0.009997735032811761,0,0
302,b03d18ky,0.05129908056308826,1,0
302,b01s2lg2,0.056702793653433524,0,0
302,b00k78yv,0.008354134236772856,1,1
302,b01rx3lk,0.023699536536393378,1,0
302,b03x0qzh,0.08480197098106146,0,0
302,b01p4r4w,0.006479989582051833,1,0
302,b007bp5w,0.03357306712617477,1,0
302,b01qwcz7,0.025088286492973566,0,0
302,b01n2t1q,0.01742364722304046,0,0
303,b03xcbrp,0.01577880047261715,0,0
303,b007bp00,0.08220630139112473,1,0
303,b00k9bms,0.00786799006164074,0,1
303,b01nm5bn,0.0653705969452858,0,0
303,b03wwwbv,-0.00030386800062842667,0,0
303,b03th21c,0.03337259963154793,0,1
303,b03wryq4,0.08118250221014023,0,0
303,b012l0h7,0.024627499282360077,0,1
303,b03xqbry,0.02611050009727478,1,0
304,b00785fw,0.0327536,1,0
304,b02xdl4w,0.0472807,1,0
304,b01nn85w,0.0142322,1,1
304,b00txxx3,0.0144512,1,0
304,b00pk84g,0.0307676,1,0
304,b0369drc,0.0524303,1,0
304,b00q9zjy,0.037624,1,0
304,b00vjkfx,0.0172412,1,0
304,b01nl7mn,0.0402157,1,0
305,b03903wy,0.025699699763208628,1,1
305,b00sl8yq,-0.0016209699679166079,1,0
305,b007ckbm,0.02744180941954255,1,0
305,b008fmg1,0.03176659997552633,1,1
305,b03xgqbf,-0.005353579763323069,1,1
305,b0148vph,0.005225430126301944,1,1
305,b00vt6f3,0.05945649929344654,1,0
305,b00l67sv,0.16529076121514663,1,0
305,b0074gcz,0.20095463830512017,1,0
306,b03ty5lt,0.028462950140237808,0,1
306,b00c6rr2,-0.0075714001432061195,0,0
306,b01qlkdc,0.016721599735319614,0,0
306,b03nddp7,0.05688252067193389,1,0
306,b03xqgbp,0.01588321989402175,0,0
306,b03tx13j,0.0019771349034272134,0,0
306,b03fqgxf,0.39091066969558597,1,0
306,b01rcmb4,-0.006775855086743832,0,0
306,b03mpphw,0.013251164986286312,0,1
307,b03wg272,0.021138034207979217,0,0
307,b01sblmd,0.0436282065929845,1,0
307,b00rwk3s,0.010952394979540259,1,0
307,b01rp9tf,0.0880841317884915,1,1
307,b01d7kd5,0.02401745948009193,1,0
307,b01qnrf9,0.00897539482684806,1,1
307,b01pwg30,0.04709163167353836,0,1
307,b0074gp6,0.02818795073835645,1,0
307,b01nl7mn,0.0016604509728495032,1,0
245,b01sk2zw,0.04648226909339428,1,0
245,b0082j1f,0.040811305050738156,0,0
245,b0089bj6,0.004072261077817529,0,0
245,b00wyhth,0.023167893709614872,0,0
245,b03rmckl,0.0035845339996740224,0,0
245,b01gk4v7,0.02823704732581973,0,0
245,b01nlnlk,0.028216538950800896,1,0
245,b02x66df,-0.008997521293349565,0,0
245,b01c9mcf,0.05505321957170963,0,0
244,b0074fx8,-0.005448759999126196,1,0
244,b03x19tb,0.10180799663066864,1,1
244,b0074qm0,-0.003430269891396165,0,1
244,b01sbxqy,-0.012430599890649319,0,0
244,b03xlch7,0.08074329793453217,0,0
244,b03wyszd,0.029763000085949898,0,0
244,b01rh7mk,0.02493700012564659,1,1
244,b00r3zcv,0.014721699990332127,1,0
244,b03vkwmb,0.2829720079898834,1,0
247,b01nlbx4,0.021805543452501297,1,1
247,b03b5nql,0.02193383313715458,0,0
247,b01c9w06,0.009010447033991417,0,0
247,b03qkrms,0.05040739992788682,0,0
247,b02wbk0v,0.04764229664579034,0,0
247,b03vkt8l,0.011091396833459536,0,0
247,b00djd5r,0.02181785088032484,0,0
247,b007bp48,-0.012195416260510683,0,0
247,b03h8wst,0.05702526650081078,1,0
246,b01bcs0v,0.07594385267293546,0,0
246,b00t9qv8,0.06796994044755895,1,1
246,b03hy6vp,0.04714402028669914,0,1
246,b00yltjh,-0.006221693009138107,1,0
246,b03ws1kh,0.10457570105791092,1,1
246,b00qjnqc,0.04981421850000819,1,1
246,b0078gjh,0.04879599320702255,0,0
246,b01mymhy,0.017231206099192303,1,0
246,b01n2t1q,0.01905553330046435,1,0
241,b01259sq,0.030410099774599075,0,0
241,b0078zsx,-0.008086900226771832,1,1
241,b00s1wcm,0.021914800629019737,1,0
241,b01bfnrz,0.0010991699527949095,1,0
241,b00jwcb1,0.07279779762029648,1,1
241,b01ryv5j,-0.029195399954915047,0,0
241,b03wyr3c,0.003294579917564988,1,1
241,b01jvb6n,0.0011172599624842405,1,0
241,b02x66dw,-0.006008670199662447,0,0
385,b01p2n1g,0.0271668,0,1
385,b00sbjz8,0.0290197,1,0
385,b007877p,0.0331806,0,1
385,b03tcc6f,0.0452887,0,0
385,b012404p,0.039124,0,0
385,b00zny3l,0.00496685,0,0
385,b03cv44m,0.0341826,0,0
385,b007bp21,0.0422145,0,0
385,b00r409m,0.0526411,0,0
243,b01sbm1g,0.03547623078338802,1,0
243,b00s38fh,0.00744956498965621,0,0
243,b03vl6zz,0.05401140172034502,0,0
243,b008wf60,0.012281135190278292,1,1
243,b01sjs8d,-0.005208269809372723,0,0
243,b007942k,0.27892120834439993,1,1
243,b008wf83,0.02654997946228832,1,1
243,b03wnnss,-0.0008661649189889431,0,0
243,b007bp6v,0.021533590799663216,1,0
242,b01d99vb,0.016655271960189566,0,1
242,b03hy6vp,0.045158039033412936,0,1
242,b03xnz56,0.043329262919723985,0,0
242,b01bcs3l,0.034237382304854694,0,0
242,b012m93z,0.026261174213141204,0,0
242,b0078gjh,0.01472925755660981,0,0
242,b01bqktm,0.24069807128980755,0,1
242,b01rryzz,-0.004519614111632109,0,0
242,b012g01s,0.03111060238443315,0,0
389,b012rtcd,0.0389649,1,0
389,b01qm2ys,0.0522609,0,0
389,b0074g45,0.0622454,1,1
389,b01rswj5,0.0252249,0,0
389,b007jfbp,0.0392626,0,0
389,b01n9tp3,0.039346,1,0
389,b01m38bp,0.0242272,0,0
389,b00l08d8,0.023111,1,0
389,b007bp21,0.0422145,1,0
248,b03t4lyt,0.0025708735920488834,0,0
248,b01mls3g,-0.0035248766265188656,0,0
248,b03xpkrg,0.09097919861475627,0,0
248,b007y3lp,0.17064329671363035,1,1
248,b03xhgcb,0.06389179949959119,1,0
248,b01d7m18,0.019057079994430143,0,0
248,b03xqcz6,0.039015633364518486,0,0
248,b01f18b3,0.04747130100925764,0,0
248,b01sbyfq,0.09954662605499227,1,1
418,b0078z55,0.02024074923247099,1,1
418,b01nbz3q,-0.010037156462203711,1,1
418,b00zv8gk,0.11505649983882904,0,0
418,b01s2lg2,0.07327200099825859,0,0
418,b0074qn6,0.0005063498392701149,0,0
418,b03mpskk,-0.0036086850450374186,0,0
418,b00jtccq,0.016384455375373363,1,0
418,b01pfp1t,0.02033165004104376,1,0
418,b0074g0p,0.07626248232554644,1,1
380,b01r7hk5,0.026998209999874234,1,1
380,b03ghhql,-0.005106077529489994,1,1
380,b0074gfm,-0.0024800124811008573,1,1
380,b01px8j0,0.01306091029982781,1,0
380,b00sqljd,0.026564975269138813,1,1
380,b01gk4v7,0.040175074245780706,0,0
380,b03xq3bs,0.019865542300976813,1,0
380,b03xlk21,0.0818629942368716,0,1
380,b03x0pbw,0.0374507076194277,1,0
372,b03wc9v7,0.07682443258818239,0,0
372,b02vfpp2,0.06095530092716217,0,0
372,b0074gl2,0.011910304410776007,1,1
372,b00t154b,0.014558820053935051,1,1
372,b03xjxgj,-0.0044395896984497085,0,0
372,b00hh4ws,0.035788355104159564,0,0
372,b00sf9ph,0.055410235465387814,1,0
372,b00wgz8t,0.03326497972011566,1,0
372,b03xk9f4,0.0031633951293770224,0,0
381,b03xh5nb,0.0010687850008253008,0,0
381,b01bgly8,0.04300720011815429,1,1
381,b03bt2cg,0.015107610262930393,1,0
381,b03x19qd,0.03415682539343834,0,0
381,b03wyszd,0.03914034878835082,1,0
381,b007cf16,0.05293574929237366,0,0
381,b03v8t08,-0.005508496949914843,1,0
381,b00x4k3t,0.03209795558359474,1,0
381,b019j28c,0.01701417227741331,0,0
375,b00tjr3z,-0.009255539625883102,1,1
375,b00rmpjw,-0.0043668900616467,1,0
375,b01ms6n2,0.06738609820604324,1,0
375,b03pmz4f,0.004345430061221123,1,1
375,b00xbll7,0.049456000328063965,1,1
375,b03xl3j0,0.026040799915790558,1,0
375,b03xl49s,0.0029466201085597277,1,0
375,b01qgk3f,-0.005942880176007748,1,1
375,b00zp65v,0.05241189897060394,1,0
382,b007bv7p,0.02654819966604312,0,0
382,b01p6sv4,0.04843472099552552,1,1
382,b03xh6r1,-0.004434133258958657,1,0
382,b01m38bp,0.019420466385781765,1,0
382,b00s8dwd,0.07891057757660747,0,0
382,b03qg72p,0.02648209361359477,1,1
382,b00xj5s8,-0.009139405291837951,1,1
382,b03xlmcd,0.011395902838557959,0,0
382,b0116ly6,0.07820246616999309,1,1
374,b00snw53,0.03318618540652096,1,0
374,b03xglvl,0.004423215206770692,1,0
374,b01p23yh,-0.0020431801676750183,1,1
374,b00jnt05,0.024284524319227785,1,1
374,b01n4dxw,0.024771010648692027,1,0
374,b00w14gy,0.07634097337722778,1,1
374,b03xptv6,0.052506549283862114,1,0
374,b01mlsk4,0.04524892522022128,1,0
374,b03xjvvm,0.02082055961363949,0,0
383,b00c6rr0,-0.0047363733950381475,1,0
383,b03hw1lm,0.027625099755823612,1,0
383,b03xlmc4,0.03570385634278258,0,0
383,b03d0bft,-0.013090706275155147,1,0
383,b00sf2pz,0.06132246592702965,1,0
383,b007vyqw,0.029732736215616267,1,0
383,b01q05pz,0.05681820213794708,1,0
383,b03glrg6,0.01322586260115107,1,0
383,b0074m8w,-0.0044366335884357495,1,0
377,b00q9zjy,0.037624,1,0
377,b00wlg99,0.0269079,0,0
377,b01p8jc0,0.0392954,0,0
377,b00wyj5h,0.0222746,1,1
377,b00zgnjz,0.0403636,1,0
377,b01bcs3l,0.0421731,0,0
377,b03bsydr,0.0234434,0,0
377,b03xp545,0.0331683,1,1
377,b03kw1rv,0.0482446,0,1
384,b007bv7p,0.01669100602157414,1,0
384,b0074gl2,0.033988994127139446,1,0
384,b00wh6lz,0.04507845132611692,0,0
384,b01c02ry,0.03818331602960825,0,0
384,b03wxv0p,0.07297449121251702,1,1
384,b03fqgxf,0.03665617748629302,1,0
384,b01cnyff,0.058197662330348975,0,0
384,b03v8t08,0.006174248410388827,1,0
384,b02x9zwc,0.01886542746797204,0,1
376,b0078cfy,0.012464899569749832,1,1
376,b00n1kjr,0.018306400626897812,1,0
376,b03bgpwp,0.0014809300191700459,1,1
376,b037xkdb,-0.027597999200224876,1,0
376,b0078qn0,-0.01523900032043457,1,0
376,b00rzmqn,-0.0004563649999909103,0,0
376,b0074tgb,0.09783949702978134,1,0
376,b01s2803,-0.013683799654245377,1,0
376,b01nqvwl,0.03094859980046749,0,0
432,b01nhcjz,0.03311963348339001,0,0
432,b0077hc0,0.06191270270695289,1,1
432,b03n77y7,-0.0031536672128519663,1,0
432,b00q2pvm,0.027775762951932847,0,0
432,b01rgsl5,0.023635227063399118,0,0
432,b00sjsn7,0.09659340077390273,1,1
432,b00sqljd,0.051372780154148735,1,1
432,b00lnxyn,0.005923969028420591,0,0
432,b00lsy3y,0.0017610205104574561,0,1
430,b00n1kjr,0.020750104100443423,0,0
430,b00txxzt,0.022057818452594802,0,0
430,b00y50pj,-0.00889293965883553,0,0
430,b03xpptb,0.03372249938547611,1,0
430,b00jnsys,0.04559578374028206,0,0
430,b0084ll7,0.05367843480780721,0,0
430,b00lrh52,0.08281249739229679,1,0
430,b01h7pkh,-0.0057674950221553445,0,0
430,b01bcs83,0.012222538083733525,0,0
431,b01p23yh,0.042920000152662396,0,0
431,b03lz0fw,0.036350471898913383,0,0
431,b01qlkdc,0.02077328914310783,0,0
431,b0078zp6,0.1415710391011089,0,1
431,b00pws33,0.026801530497323256,0,0
431,b007bp18,0.08998422487638891,0,0
431,b01pzw0y,-0.0036298930062912405,1,0
431,b03pr317,0.011787741543230368,0,0
431,b01l4929,0.06332470057532191,1,0
339,b03xl3g5,0.09705914929509163,1,0
339,b03jnm98,0.03527760040014982,1,0
339,b00sbq7m,0.044996500946581364,0,0
339,b00vt6f5,0.009918459691107273,0,0
339,b03w64m9,0.0014895498752593994,0,0
339,b03xq3bs,0.0033605369098950177,0,0
339,b0109cc7,0.042034955229610205,1,1
339,b03xkxpt,0.26809149235486984,1,0
339,b01c9mcf,0.05895930156111717,1,0
338,b03c6j49,0.049519310771886794,0,1
338,b03x4l08,0.030064185549105917,1,0
338,b00787df,-0.0061571488289960796,1,1
338,b007hzl2,0.029134800424799323,0,1
338,b01p8h35,0.01458996715622821,0,0
338,b011g943,0.0358302952788238,0,0
338,b01rlm9j,0.041780387450541766,0,0
338,b01llnb2,0.1004263846469777,0,1
338,b01qryfl,0.015256398490497045,0,1
335,b01jjvdp,0.028047645852590602,1,0
335,b00w14gy,0.03770874072021494,1,0
335,b01b3gkb,0.14668648255368075,1,0
335,b00ztg1y,0.0038626366294920444,1,0
335,b00v7y0t,0.0409305472082148,1,0
335,b01n8kmq,0.01971388639261325,0,0
335,b03xl185,-0.005119920114642203,0,0
335,b03bgy2j,0.010951260785380631,1,0
335,b01sfds2,0.019990217095861833,1,0
334,b00t61gx,0.0229486,1,1
334,b0074ggn,0.0321729,0,0
334,b02xd1g6,0.0438126,0,0
334,b0074pqk,0.0414741,1,0
334,b01f9wct,0.0361527,0,0
334,b01p40gh,0.0375835,0,0
334,b00qbnd5,0.0445295,0,0
334,b00qzh52,0.0287436,0,0
334,b0392cx3,0.0232915,0,0
337,b007cl74,0.014231949113309383,0,0
337,b00p8jnc,0.028836910729296505,0,0
337,b03wwwbv,0.03984721365850419,0,0
337,b008fm19,0.016337825334630907,0,0
337,b01hn9g7,0.0678738015703857,0,0
337,b007cf16,0.042194800451397896,0,0
337,b03pzp8y,0.0628185011446476,0,0
337,b01r21v8,0.05931354872882366,0,0
337,b0078zrl,-0.018538400065153837,1,0
387,b03q9jvv,0.01930940120170514,1,0
387,b00pwstt,0.02390478706608216,0,0
387,b00ktmvk,0.007446870052566131,0,1
387,b03pcjdn,-0.013751946016175983,1,0
387,b03d0bft,0.07530126472314198,1,0
387,b00sj3sn,0.09917433311541875,0,1
387,b00vy78w,-0.003511922198716396,0,1
387,b00wt5rr,0.05964770168066025,0,1
387,b01q9ybs,0.01857249008025974,0,1
330,b00llgs8,0.03206504012147585,0,1
330,b0074gcb,0.11774539377074689,1,1
330,b03cwv1l,0.04933576596279939,0,1
330,b01d224l,0.03494613990187645,0,1
330,b03xh92m,0.006155159945289294,0,0
330,b03x10m5,-0.010799346646914879,0,0
330,b00g8h9q,-0.00044064658383528393,0,0
330,b03gps5f,0.07818040003379186,0,0
330,b01sfhgb,0.0206469571373115,0,0
333,b00790ss,0.02567180199548602,1,0
333,b0369dpk,-0.0018039900751318783,1,0
333,b01pqdjj,0.033164637396112084,1,0
333,b00s8dwd,0.0015453199157491326,1,0
333,b03xl3zb,0.014323777751997113,0,0
333,b00p3yn1,0.024878650903701782,0,0
333,b01hlkcq,0.09383160062134266,0,0
333,b00v2z26,0.04558962504961528,0,0
333,b0116ly6,0.07645702408626676,0,0
332,b01qymc5,0.037773311138153076,1,1
332,b03dwqg5,0.033070808509364724,0,0
332,b007965s,0.025985414814203977,1,0
332,b03qkrms,0.05078382156789303,1,0
332,b03x19cv,0.013616425567306578,1,1
332,b016z0nb,0.0038902577856788413,1,1
332,b01rllxy,0.02006335761398077,0,0
332,b01pqmtq,0.0010983841493725777,1,1
332,b007chql,0.04573812978342175,1,0
258,b0333ndh,0.04189,0,0
258,b01mg53s,0.041482,1,0
258,b00t9qv8,0.0352551,1,0
258,b03k5623,0.0151829,1,0
258,b01bp97s,0.0421731,0,0
258,b03xk14t,0.0267368,0,0
258,b038nzyd,0.0340167,1,0
258,b03x23p8,0.0220001,0,0
258,b01c9mcf,0.0351224,1,0
259,b01sblmd,0.18853700471421084,0,0
259,b01c97qt,-0.0012400522246025503,0,1
259,b01n9tp3,0.02507116614530484,1,0
259,b03x4wc6,0.01237789905523338,0,0
259,b03sgs9y,0.025244639565547306,0,0
259,b00ysr71,0.06343496901293595,0,0
259,b008wf60,0.15068546993037066,1,1
259,b0134ngb,0.027465619302044313,0,1
259,b03x14r9,0.004443596738080184,0,1
252,b01p24fj,0.003598076968046371,1,0
252,b03n77y7,0.008969750255346298,1,0
252,b011s3pw,0.012879349756985903,0,0
252,b01glwkz,0.015570065414067358,0,0
252,b0074gbk,0.06780779920518398,1,1
252,b03xl0f0,0.038043499924242496,0,0
252,b01gvwz5,0.05416494840756059,1,1
252,b00twy35,0.017357960168737918,0,0
252,b01bcs83,0.05796093062963337,0,0
253,b01j876w,0.0275934,0,0
253,b00mjsdl,0.0216932,1,1
253,b02xgw7z,0.0378416,0,0
253,b01mlrzq,0.0421436,0,0
253,b03xl0f0,0.0153663,0,0
253,b01d7kd5,0.0354436,0,0
253,b01nl7qd,0.0384799,0,0
253,b007cgdc,0.0413261,0,0
253,b00r95hs,0.053834,0,0
250,b01mm5c9,0.021799173089675605,0,0
250,b03c2162,0.05198473948985338,0,0
250,b0078wmp,0.020922702678944916,0,0
250,b00trl62,-0.003980345150921494,0,1
250,b03lyzpr,0.04931097524240613,0,0
250,b00mcwyv,0.05211875482928008,0,1
250,b03bgy2j,0.010213687608484179,0,0
250,b03wwwrr,0.01859497302211821,0,0
250,b01ry8mz,0.016012733103707433,0,0
251,b007svx4,0.03777030110359192,1,1
251,b007wjk0,0.03895450010895729,0,1
251,b012507v,0.0022479998879134655,0,1
251,b007vqzw,-0.007076160050928593,1,1
251,b00t9r0n,0.04507650062441826,0,1
251,b03sgpsj,0.08000420033931732,0,1
251,b03bsydr,-0.018879299983382225,0,0
251,b009s6mj,0.07145140320062637,1,0
251,b01lb30g,0.11213800311088562,1,0
256,b00st59w,0.010308394574773653,0,0
256,b01qmd9v,0.0175440819390739,1,1
256,b01hzk5h,0.03906122183737656,1,0
256,b01pfp1t,0.0357934084313456,0,0
256,b03m85xz,0.05099586424573014,0,0
256,b03t7rcf,0.05704659786230574,1,0
256,b03x4f6k,0.005744110249603788,0,0
256,b01k031g,0.028463211997101705,0,0
256,b0110c5x,0.051033539891553424,1,1
254,b037x0p0,0.049932095396798104,1,0
254,b0074fz7,0.025733250193297863,0,0
254,b0110gnv,0.014322915114462376,1,1
254,b01sjsn6,0.016033415216952562,1,0
254,b03xl3g5,0.055066097527742386,1,0
254,b0120y9m,-0.005925174802541733,1,1
254,b03th21c,-0.003457895014435053,1,0
254,b011fnd4,0.015126779675483704,1,0
254,b01n8ltp,-0.0006782002747058868,1,0
255,b007s916,0.005436868283140939,1,1
255,b01sbxqw,0.0708241194661241,0,1
255,b01cmvjg,0.0006277367574512027,0,0
255,b014j4nb,0.034693633308052085,0,0
255,b007ccrk,0.043695021828170866,0,0
255,b01bqs5x,0.03950682428148866,0,0
255,b01n8ltp,0.0290826631244272,0,0
255,b03w64m9,0.0010302587470505387,0,0
255,b01jjv8m,0.0746283334447071,0,0
407,b007cdd2,0.000593886012211442,0,0
407,b01nlbx4,0.0015292300377041101,1,0
407,b03x19tb,-0.00953735038638115,0,1
407,b03w7wjp,0.042207200080156326,0,0
407,b020vgnz,-0.00567894009873271,0,1
407,b01rlm9g,0.029438700526952744,0,0
407,b007ch9p,-0.009410019963979721,1,0
407,b007ch35,0.053872000426054,0,1
407,b03jd3v3,-0.0016355899861082435,1,0
345,b019x6s5,0.11325500474777073,0,1
345,b01nblb5,0.01047946345352102,0,0
345,b03skn1z,-0.0036074869994990877,0,0
345,b0074ryp,-0.0025604598922654986,0,0
345,b03xh5nb,0.015025859873276204,0,0
345,b01fcncc,0.1036278773099184,1,0
345,b01lcz7f,0.01895302245975472,0,0
345,b01qwcth,0.0553817639593035,0,0
345,b01qhn70,0.017522265698062256,1,0
371,b0369drc,0.02810965215030592,1,0
371,b008xx97,0.01102776694460772,1,0
371,b00yltdc,0.024106744196615182,1,0
371,b03x4l08,0.006734053267791751,1,0
371,b00zgnjz,0.05211823096033186,1,0
371,b00mq36q,0.042972580587957054,1,0
371,b038nzyd,0.020503851817920804,1,0
371,b00g7s6r,0.06059099122649059,1,0
371,b00m38m3,0.009883169870590791,1,0
405,b01ndmc5,0.014009318469713131,0,1
405,b01807fp,0.011115183122456074,0,0
405,b00t97l5,0.06113060476491228,0,1
405,b03wvbv1,0.05864751463135084,0,0
405,b03xq94q,0.031022518291138113,1,0
405,b0078qmz,0.050116464330737166,1,0
405,b03xl41f,0.03541680503015717,0,0
405,b03qvb4r,0.020219326417039458,1,0
405,b014grqc,0.04185554831443975,1,1
403,b01s5jsz,0.026883710534699883,1,0
403,b0074t2b,0.08166947565041482,1,0
403,b007cj5b,-0.006631690431580258,1,0
403,b01bqrsv,0.015790231991559267,1,0
403,b01br1k5,0.061079534624392785,1,0
403,b03sklrb,0.031507769997309275,0,0
403,b01ppxs8,0.01895700127352029,1,0
403,b0197686,0.037016215190912284,1,0
403,b01sfhgb,0.05793393783581754,0,0
402,b00psq2d,0.042713,1,0
402,b01myj4y,0.0448842,0,0
402,b00rb1j1,0.0351924,0,0
402,b01bgly8,0.0256588,0,0
402,b015yh6f,0.0363805,0,0
402,b01gk4y8,0.0265664,0,0
402,b01cnyff,0.0311546,0,0
402,b03wyd1h,0.0175157,0,0
402,b00tjb2v,0.0467003,0,0
386,b007c8hj,0.0026694099263598523,0,0
386,b03xlhgg,0.016155216454838712,0,0
386,b00sttfz,0.11408187355846167,1,1
386,b01bpdr7,0.01122674997895956,0,0
386,b01m1jqd,0.022267422173172235,0,0
386,b01s945t,0.042874800662199654,0,0
386,b008s17v,0.009954026628596088,0,0
386,b0078968,-0.0019516095829506714,0,0
386,b03t7rgg,0.031941954512149096,0,0
401,b01rp9w7,0.027849705479942106,1,1
401,b03skfmf,0.3173611108989765,0,0
401,b01jv6sd,-0.0002629034376392762,0,0
401,b00sftwm,0.09027650766074657,1,0
401,b00xjzml,0.040511700635155044,1,0
401,b01qdmwl,-0.010652602727835378,1,0
401,b007ccrk,0.0023770801102121672,1,0
401,b00t6yhb,0.021347282231242087,1,1
401,b01gxl5w,0.03203519761639958,0,0
370,b0179vzm,-0.003343049786053598,1,1
370,b03lv64y,0.0029172198846936226,1,0
370,b03mvbz8,0.018588774371892214,1,0
370,b01pf63t,0.019997955721919425,0,0
370,b019hd3w,0.026081600226461887,1,1
370,b0168182,0.00025850010570138693,1,0
370,b00txxzt,0.002194250118918717,1,1
370,b00qzh52,0.015502300579100847,1,0
370,b0074g0p,0.00591643137158826,1,0
400,b03xhfrf,0.007205499801784754,1,1
400,b01rt1qz,0.03672650083899498,1,0
400,b03xkyhw,0.029281500726938248,1,1
400,b01dd18b,0.0006269449950195849,0,0
400,b01m2b1b,0.009912380017340183,1,0
400,b03pr191,0.03383149951696396,1,0
400,b0148vph,-0.044339101761579514,1,1
400,b00srhgn,-0.007104509975761175,1,1
400,b03xjvvm,-0.0026606700848788023,0,0
228,b01qlbvk,0.012442854139953852,1,0
228,b03wwx7f,0.08128999535110779,1,0
228,b0074gmb,0.09173970215488225,0,0
228,b01p8h35,0.013468877645209432,0,0
228,b03xh76q,0.024002285767346622,0,0
228,b00z19qp,0.01817404991015792,1,1
228,b0110ck3,0.012230918277055025,0,1
228,b01ny476,0.020039959095447556,1,0
228,b03xkqm4,0.0758545707911253,1,0
227,b01r229f,0.0490769,1,0
227,b01nbx63,0.0311046,0,0
227,b03xhjtt,0.0311322,0,0
227,b00xjzml,0.0368412,1,0
227,b037c5yn,0.00982426,1,0
227,b03xlj1r,0.0644274,1,0
227,b0146h0q,0.00975991,1,0
227,b01p0rw9,0.0459734,1,1
227,b01qryfl,0.0252398,1,1
224,b00t187j,0.008602915157098323,0,1
224,b00q2q87,0.0002628625079523772,0,0
224,b01rw1s0,0.05617288628127426,0,1
224,b01n4dxw,0.03781817916933505,1,0
224,b01qqvzp,0.0035526498686522245,0,0
224,b03dx7v9,0.02629869501106441,1,0
224,b03d025k,0.1428364240564406,1,0
224,b01s4vw3,0.05378455016762018,0,0
224,b03gps5f,0.01993530010804534,0,0
223,b03xglvl,0.00522160017862916,0,0
223,b03w63zm,0.03794889897108078,0,0
223,b03xk1gq,0.0000921259997994639,1,0
223,b03xgcsy,0.004010760225355625,1,0
223,b00pm34y,0.03345869854092598,1,0
223,b007cj85,-0.004609249997884035,1,0
223,b037pflw,0.11581700295209885,1,1
223,b00zp6sw,0.019578900188207626,1,0
223,b00dnf3z,-0.007673739921301603,1,0
222,b03xgtg4,-0.00957246326530973,1,1
222,b03l5x51,0.05659096874296665,1,0
222,b0078xmc,0.008054736691216627,1,1
222,b038p00r,-0.005085139845808347,1,0
222,b00w14gy,0.068926431859533,1,1
222,b011ddst,0.03571023388455311,1,1
222,b01p0rw9,0.03545968789452066,1,0
222,b03qvb4r,0.042607188845674195,1,0
222,b0078ztj,0.016867300495505333,1,1
221,b00wst5r,0.13729004934430122,1,0
221,b01c02rp,-0.0031095698941498995,0,0
221,b03xlhgg,0.0003374402995177661,0,0
221,b01hzk5h,0.17944800108671188,1,1
221,b03xlq7f,0.02261566068045795,1,0
221,b01k2f38,0.08797940239310265,1,0
221,b0381cf1,0.0004307301715016365,1,0
221,b01cdgfs,0.025046505266800523,0,1
221,b00mfhnn,0.0036758054047822952,0,0
220,b01p8fx5,0.013317699544131756,0,0
220,b01qfg0y,0.08327479660511017,1,1
220,b00tj7j4,0.00033229999826289713,1,1
220,b008xx9w,-0.007465580012649298,1,0
220,b00790ht,-0.009486760012805462,1,0
220,b02x66d7,0.020190399140119553,0,0
220,b03xjx0f,-0.020079899579286575,0,0
220,b01f9y7n,0.0026726999785751104,0,0
220,b01rs2n1,0.026546800509095192,1,0
373,b03xgtgw,0.08141716569662094,0,0
373,b03x24jk,0.01408376699934403,0,0
373,b007c68n,-0.007598579861223698,0,1
373,b007cf16,0.024621180569132168,0,0
373,b02xdl4w,0.007760738042028,1,0
373,b007960l,0.0022037533732752004,0,0
373,b0074fxv,0.03352675478284558,1,0
373,b00srhgn,0.017121525830589235,0,1
373,b007942k,0.0581515667339166,1,0
391,b03wyybz,0.01674293988617137,1,1
391,b01pqdh9,0.05897917598485947,1,0
391,b0078zmg,-0.004479482537135482,0,1
391,b03qkrms,0.01829333751811646,1,0
391,b0148vph,0.035298080649226904,1,1
391,b008s17v,0.021400290163001046,0,1
391,b01r3pmc,-0.011649847612716258,0,1
391,b03x3xmd,-0.011885302374139428,1,0
391,b009yxxh,0.043450024095363915,0,1
349,b0074m9h,0.06149229997148117,0,1
349,b03szhhc,0.06647879940768082,0,0
349,b01nv8q6,0.01991371251642704,0,0
349,b00rs3w6,0.03601809870451689,0,1
349,b03xlk2f,0.03409160669737806,0,1
349,b03xks6w,0.029299527561912935,0,0
349,b03vlf47,0.0776058981815974,0,1
349,b0129fwk,-0.002572141995187849,0,0
349,b014j6cb,-0.0009848659974522889,0,0
390,b0074s66,0.07554821716621518,0,0
390,b02xd1g6,0.02606499653775245,0,1
390,b03jd21k,0.05331629160791636,0,0
390,b01rh83m,0.006691098166629672,1,1
390,b0078q0w,0.06714313495904208,0,1
390,b036lgmn,0.026490111034945585,0,0
390,b03cw8g0,0.012906841957010329,0,1
390,b00ps6bp,0.03256457303650677,0,1
390,b03t8rz8,0.005748647823929786,0,0
397,b00w443h,0.02855983345458905,1,1
397,b007s917,0.04216016580661138,1,0
397,b03v2yxt,0.005255600127081077,0,1
397,b00wgwgz,0.008992019885530075,1,0
397,b03kp6hg,0.023505710220585268,1,1
397,b00lrh52,0.018743513384833932,1,0
397,b0369dq8,0.054314394432973735,1,0
397,b03x156x,0.04221059203458329,1,0
397,b00snxz7,-0.006553133639196555,1,0
396,b00drn3v,0.04081210121512413,1,0
396,b008xxbr,0.10679999738931656,1,1
396,b00tky2t,-0.012094699777662754,1,1
396,b01p664q,0.017256800085306168,1,1
396,b03lskbb,0.01737299934029579,1,1
396,b03xl3g5,-0.02164440043270588,1,0
396,b01rcmb0,0.0032350800465792418,0,0
396,b008d4bt,-0.034090299159288406,1,1
396,b03cv44m,0.02520960010588169,0,0
395,b03pqt0d,0.030778932695587475,0,0
395,b01b1x74,0.01470193069205076,1,1
395,b00yl8mx,0.028765740353264846,0,0
395,b01rswj5,0.011007135035470128,0,0
395,b00t154b,0.02277025269965331,0,0
395,b01djm9b,0.01615092020559435,0,0
395,b01jcd9n,0.0013057162674764793,0,0
395,b03pr317,-0.005546599936981996,0,0
395,b01p10qb,0.09110822610091418,0,0
394,b007s917,-0.002081074352775301,1,0
394,b03wz8fr,0.030043273798323104,0,1
394,b01c2025,0.03776052037885945,0,0
394,b01r21wm,0.006594388346586909,0,0
394,b03jd21k,0.06617887158479009,1,0
394,b03qk6jn,0.051254208465772014,0,0
394,b00gd41l,0.013979597437095695,1,1
394,b00lqq28,0.029209429647640457,1,0
394,b01s70ls,0.05732355446421674,0,0
238,b00rfq20,0.0473086,1,0
238,b01rw1s0,0.0374787,1,0
238,b03ghh0k,0.0471562,0,0
238,b01nm61l,0.0312544,1,0
238,b03bsnpp,0.0254965,1,0
238,b014cq0j,0.0288854,1,1
238,b00ztf1l,0.0292105,1,0
238,b03xptx1,0.0332881,0,0
238,b0084ll7,0.0467794,1,0
239,b0333ndh,0.02104597305878997,1,1
239,b00thd7w,0.03295141691341996,0,0
239,b038m9pw,0.028954599673549335,1,1
239,b03vq1dh,-0.01388853353758653,1,0
239,b01nrym3,-0.0007017849711701274,1,0
239,b01c9w3t,0.35249856517960626,0,0
239,b03szf8k,0.04096432045723001,0,1
239,b0074pym,0.001388166720668475,0,0
239,b03sgdn5,0.050863746010387935,0,0
234,b01qm2qk,0.009463259717449546,0,0
234,b03c6j49,0.02705940045416355,0,0
234,b01m2b1b,0.06291315145790577,0,0
234,b01sk2zw,0.12012539803981781,1,1
234,b01h212m,0.29648091457784176,1,0
234,b03wy5qt,-0.006874049780890346,0,0
234,b0369dq8,-0.00780720473267138,1,0
234,b00r962h,0.02249019965529442,0,0
234,b03vq20n,0.03285854961723089,0,0
235,b03h8rll,0.030223445559386164,1,1
235,b03ltdnr,0.013683012351975776,1,0
235,b01nwbfb,0.011905018058314454,1,0
235,b00790pw,0.05131398080266081,1,1
235,b00sz28y,-0.0024354610650334507,1,1
235,b02x66f0,0.09266922459937632,0,0
235,b0074gbj,0.057286051101982594,1,1
235,b03qk92k,0.07100580004043877,1,1
235,b0074gc9,0.05394502612762153,1,1
236,b01p69d9,0.03903589956462383,0,0
236,b01ngq42,0.02134846287081018,0,0
236,b01nv9zm,0.022367712343111634,0,0
236,b00t20p8,0.058024940500035885,1,1
236,b01sbxqy,0.029271940141916274,0,0
236,b00j1bhw,0.017746974030160345,0,0
236,b007clg7,0.010109993861988187,1,0
236,b03fgzny,0.01293629133142531,0,0
236,b01r6pts,0.055258827703073624,0,0
237,b0074rq7,0.032813876308500765,1,1
237,b03rlypd,0.015755190094932914,0,0
237,b03k4zhc,-0.0008293760474771261,0,1
237,b01qwcz7,0.07426239885389804,0,0
237,b00p4h42,0.018972385954111815,1,0
237,b0074qcm,0.06182366260472918,0,0
237,b03xg6t9,0.06840923232957721,0,0
237,b01hn7lw,0.027644514106214046,0,1
237,b03bgy4f,0.03381739957258105,0,0
230,b01nt4f2,0.020820876728976145,1,0
230,b007c68n,0.0733017014960448,1,0
230,b03sggtg,0.03579142720748981,1,0
230,b00z4j5s,0.009048733239372572,1,0
230,b0074g45,0.04104178382840473,1,0
230,b00hp92p,0.016166609479114413,1,0
230,b01bd9tt,0.06387067462007205,1,0
230,b03q474x,0.016557899652980268,1,0
230,b019hc13,0.02341956332384143,1,0
231,b01mrcwn,0.0447628281932945,1,0
231,b00jzjs4,0.06320546567440033,1,1
231,b007cjlv,0.04515017206237341,1,1
231,b00x9b7w,-0.0049760967182616396,1,1
231,b00p4dr6,0.026597910250226658,1,0
231,b00vt6f3,0.017289630292604368,1,0
231,b008m44c,0.05360346815238396,1,1
231,b01qnrf9,0.006377149761343996,1,1
231,b01gxl5w,0.05437173321843147,0,1
232,b03xphgj,-0.0041117300279438496,0,0
232,b01pjlhv,0.007685550022870302,0,1
232,b01qfg0y,0.22996699810028076,0,0
232,b00vcvrb,0.018999500200152397,0,0
232,b008h3rh,-0.019440099596977234,0,0
232,b00ml7p5,0.09702140092849731,0,0
232,b03x19l8,0.004947099834680557,0,1
232,b03xgt94,0.08834829926490784,0,0
232,b01q05nm,-0.009494789876043797,0,1
233,b03xgk7w,0.020762775869419176,1,0
233,b00zp6l5,0.006096863343069951,1,0
233,b00rfq20,0.005180036532692611,1,0
233,b039f82d,-0.0025775033670167127,1,0
233,b03x14r9,0.04583286804457506,1,0
233,b01px8j0,0.05430790161093076,1,0
233,b01cmwgh,0.019362937193363905,1,0
233,b03xq3bs,0.039858500783642135,0,0
233,b0139jv6,0.019622566488881905,0,0
323,b00mqjxx,0.03348471084609628,1,0
323,b00stv7m,0.040639400482177734,0,0
323,b00wlg99,-0.0015774499624967575,1,0
323,b0074g2q,-0.005165150389075279,1,0
323,b0168182,0.04156260006129742,1,0
323,b01m1jqd,-0.00720410025678575,0,0
323,b03pzp8y,0.025555900298058987,1,0
323,b01nx3gq,0.11199659947305918,1,0
323,b00yb5jp,0.11540605314075947,1,1
320,b00s8fxz,0.024102764343842863,1,1
320,b0074fx8,0.05848357062786817,0,0
320,b01qfmff,0.0014075936283916234,1,0
320,b0078h9v,0.01980047863908112,1,1
320,b01qnrf9,0.016720822639763357,1,1
320,b0110ck3,0.0340492834802717,0,1
320,b0074sg0,0.04653623523190618,1,0
320,b0074g3m,0.10895228236913682,0,0
320,b016fr22,0.00483744191005826,1,1
321,b03ws0yr,0.0008789324201643467,1,0
321,b01rgrs0,0.0324499006383121,0,0
321,b01rswj5,-0.006875894905533642,0,0
321,b01bzyvz,0.06234236736781895,0,0
321,b0074fyk,0.14026920159813017,1,0
321,b03xptwz,0.02614113109302707,0,0
321,b01bp9js,-0.0007719272180111147,0,0
321,b01nx8kb,0.03402155009098351,0,1
321,b01skvnh,0.027739570126868784,0,0
326,b03xgtgw,0.0206906,0,1
326,b008xx9v,0.0430473,0,0
326,b03xpb5q,0.0414404,0,0
326,b00syxr3,0.0350004,0,0
326,b007ckgj,0.0380612,1,0
326,b03ty9tr,0.0387185,1,0
326,b03fl9l8,0.0294035,0,0
326,b03vlf47,0.0446395,1,0
326,b0146h0q,0.00975991,0,0
327,b038rv8t,0.050364046124741435,0,1
327,b011pkgv,0.017222031281562522,0,0
327,b00pcbyq,0.05550199345816509,1,0
327,b01r22n4,0.013854688775609247,0,1
327,b03vlcq7,0.021889830837608315,0,1
327,b0388sxm,0.0424075840273872,0,1
327,b01nm63y,0.0010143134168174583,0,0
327,b00xbkx0,0.035126501354170614,0,1
327,b01rrym1,0.033734268305124715,0,0
324,b01pd07x,0.0038938300276640803,1,1
324,b01rt1qz,0.025045952177606523,1,0
324,b01rjkv7,0.2393725225701928,1,0
324,b01sk2zw,0.003698826747495332,0,1
324,b010nrgf,0.01948991557583213,1,1
324,b03jpmyz,0.061616484192200005,1,0
324,b03x1bs0,0.030216924846172333,1,1
324,b013wpxz,0.013840252999216318,1,1
324,b03h8rvt,0.19663003250025213,0,0
325,b00llgs8,0.05506363262732824,1,0
325,b03szhhc,0.008638386071349183,1,1
325,b01qlkdc,0.04471259160588185,1,0
325,b03wwx7f,0.06377706490457058,1,0
325,b00p8jnc,0.029495100180308025,1,0
325,b01dd18b,0.03126583310465018,0,0
325,b00sjsn5,0.05923140638818344,1,0
325,b03x1b5k,0.00870423026693364,1,0
325,b0074rnw,0.019612266837308805,1,0
328,b00vnh51,0.1427694968879223,1,1
328,b00ddwmb,0.022565870080143213,0,0
328,b01ngqgh,0.026540765073150396,0,0
328,b00zf36x,0.01544232462765649,0,0
328,b03x24r8,-0.0016333900857716799,0,0
328,b03xgh47,0.0017817104962887242,0,0
328,b03lv47c,0.057768601924180984,0,0
328,b0074rql,0.0714774988591671,0,0
328,b03dytzy,0.022741959779523313,1,0
329,b03mj9qv,-0.00604288000613451,0,0
329,b03t4lyt,0.015839810327937204,0,0
329,b00ysrgx,0.04558246023771062,0,0
329,b01mm1hm,0.0328824893416216,0,0
329,b01rbqtl,0.11216116696596146,0,1
329,b00ysr71,0.03897273385276397,0,0
329,b007cjg6,0.09056566407283147,0,0
329,b03rmbqc,0.053062532523957394,0,1
329,b02x66dh,0.004786423407495022,0,0
207,b0395qx1,0.07874037465080619,1,0
207,b01r11jw,0.024810877192066982,1,0
207,b0078kyh,-0.00463628773286473,1,1
207,b03wtmz6,0.026545111904852092,1,1
207,b0367dsf,0.04610894341021776,0,1
207,b0129bp7,0.043058331473730505,1,1
207,b01rlm9j,0.011419282585848123,0,0
207,b00pk5w7,0.012926150113344193,1,1
207,b0146fz0,0.04668513423530385,1,1
206,b01rh4rw,0.06627706550837804,0,0
206,b01r21yz,0.010854788299184293,0,0
206,b00x4k3t,0.08690560026055512,0,0
206,b02x66dt,0.005089895091562842,0,0
206,b03fnpxt,0.023122633807361126,0,0
206,b0110g4b,0.002191476911927263,1,0
206,b01nm5rd,0.023185746589054663,0,0
206,b01s70ls,0.030550216460445274,0,0
206,b03xgktk,0.04945339891128242,0,0
209,b0141mz1,0.0240766,1,0
209,b01f9y0n,0.0550251,0,0
209,b01240bp,0.0464775,1,0
209,b03wz867,0.0252713,1,0
209,b00p3yn1,0.0346952,1,1
209,b00lsy3y,0.0206566,1,0
209,b01nn95c,0.039346,0,0
209,b03xcpjn,0.0405748,0,0
209,b00vt6f5,0.0357222,0,0
208,b00snw53,-0.003982587542850524,0,0
208,b03xhbxs,0.0734941503033042,0,0
208,b03js0gf,0.01835732185281813,0,1
208,b01r87lf,0.0469818469027814,1,0
208,b01qglz4,0.05407737474888563,0,1
208,b00sjsn7,0.07833128585480154,0,0
208,b0074qx6,0.0339148985221982,0,0
208,b01p2pd4,0.1043849386041984,0,1
208,b01cmw1w,0.006341092404909432,0,0
419,b03h8rll,0.05987584963440895,0,0
419,b01bzqjn,0.02220644475892186,1,0
419,b03ktq3n,0.02095965016633272,0,0
419,b007xmln,0.0033022945281118155,0,0
419,b0078qfh,-0.006338369916193187,1,0
419,b03t7rgg,0.0751424990594387,0,1
419,b03xl34j,-0.003506160108372569,1,0
419,b0074gdr,0.05733188067097217,0,0
419,b03c3dby,0.0284057492390275,0,0
357,b022sphb,0.023161,0,1
357,b00sqzfr,0.0367053,0,0
357,b03lskbb,0.0403198,0,0
357,b03x1b5k,0.0387214,0,0
357,b03nsmrw,0.0303034,0,0
357,b03xk8dg,0.0174788,0,0
357,b03tcc6f,0.0452887,0,0
357,b01h212m,0.0410723,0,0
357,b01h7pkh,0.0156018,0,0
356,b03xplbp,0.0019708786397435083,1,0
356,b00hh4ws,0.06827032647561282,1,1
356,b03vkymt,0.03312248014844954,1,0
356,b0079690,0.002091901784297079,1,0
356,b03n2r5c,0.0524365760696431,1,0
356,b01nt4l7,0.00506213079400671,1,0
356,b03lyv9x,0.03522974982236823,1,1
356,b007chgc,0.018263502036764596,1,1
356,b00r3yxj,0.028560710605233908,1,0
355,b03bk3dw,0.021043070203935105,0,0
355,b00cnlql,-0.00009350965653235714,0,0
355,b00s9dg4,0.01742084440290152,1,0
355,b03tgp43,0.043632665959497295,1,0
355,b008w0qh,0.039908066702385746,0,0
355,b03w7wjp,0.017291903651009004,0,0
355,b011s3dg,0.0011022665227452915,0,0
355,b017ct1d,0.13607133428255716,0,1
355,b03t7pvm,0.005584344917830701,0,0
354,b00syxz4,0.04310834156349301,1,1
354,b01p24fj,0.05251749977469444,1,0
354,b00zp19y,0.007447533868253231,1,0
354,b01b1x96,0.026795348960149568,0,0
354,b00sj3sn,0.020743189519271253,1,1
354,b01n6tcp,-0.009199049789458513,1,0
354,b01jk1b8,0.0573604591190815,0,0
354,b00xbkx0,0.027571939490735532,1,1
354,b01rbs8v,-0.0035629420541226863,1,1
353,b01nm5w9,0.010547620058059693,0,0
353,b007thcg,0.14776776246726514,0,0
353,b03t7wlq,0.0297631750931032,1,1
353,b0074gn5,0.055844470392912626,0,0
353,b03skjfq,0.008343962137587368,0,0
353,b00jd9yx,0.03584070499055088,1,1
353,b00yltd7,0.03127781730145216,1,0
353,b03xplnl,0.00569044379517436,0,0
353,b03sgpsj,0.02876734440214932,1,1
352,b01qfg0y,0.0799078,1,0
352,b01hw201,0.020006,1,0
352,b007cj2f,0.0388787,1,0
352,b01k88lm,0.0302568,1,0
352,b01qgm2b,0.0375195,1,1
352,b03xqgbp,0.0284623,1,0
352,b010twjk,0.0277403,1,1
352,b01knsh6,0.0404266,1,0
352,b01s5g2w,0.0461241,1,0
351,b014klwg,0.005175210069864988,1,0
351,b0078kyh,0.03331460120777289,1,1
351,b008xx9w,0.02688033622689545,0,0
351,b01p53qm,0.043046468420167606,1,1
351,b00xbll7,-0.0037320534077783427,1,1
351,b007clg7,0.004274100113737707,0,0
351,b03fgzny,0.03131160699801209,0,0
351,b03tx58y,0.050535265977183975,1,0
351,b03xclb9,0.044153053992583104,0,0
350,b00rs6t7,0.057039946084842086,0,0
350,b02xdv0k,0.03072276822058484,0,0
350,b00t5v96,0.014026632823515683,0,0
350,b01ml5f7,0.0015946000348776579,0,0
350,b03qkxmp,0.004871194527368061,0,0
350,b00hvw59,0.019478360311040888,0,1
350,b00kxmpc,0.009945927129592746,0,1
350,b0074t2w,0.029269254097016528,0,1
350,b01n60p6,-0.00021384497813414782,0,0
359,b01sks0p,0.0390058,1,0
359,b0074mlq,0.0330867,0,1
359,b00rl5t5,0.0357175,0,1
359,b03lpc0q,0.0222783,1,0
359,b012cr37,0.0283152,0,1
359,b03vkxjs,0.044512,0,0
359,b01j8h0b,0.042417,0,0
359,b01mnsrc,0.044495,0,0
359,b0074t4x,0.0277052,0,0
358,b007cjtw,0.0352137,0,1
358,b0074fy5,0.0342809,0,1
358,b03qkx8h,0.0388084,0,0
358,b03hdbbg,0.0277315,0,0
358,b016xjwc,0.0467605,0,1
358,b01jmsbq,0.0462799,0,1
358,b011kjhm,0.0223584,1,1
358,b03wryq4,0.0190303,0,0
358,b01rly17,0.048176,1,0
